{
 "AMS": 95.29604644048959,
 "ARN": 95.29449730180204,
 "ATL": 94.90013679023832,
 "BCN": 9.881198406219482,
 "BEG": 95.13432886451483,
 "BUR": 94.93428110145032,
 "CDG": 76.93705724086612,
 "DFW": 70.36485765129328,
 "DUB": 95.29220203403383,
 "DVN": 8.315515518188477,
 "FRA": 18.072514655068517,
 "HKG": 81.14142913836986,
 "IAD": 95.09587036445737,
 "JNB": 16.30126959644258,
 "KBL": 0.0009953975677490234,
 "LGA": 94.97614637948573,
 "LHR": 95.07268050219864,
 "LIS": 95.09881641715765,
 "MAD": 76.32696661166847,
 "MDQ": 5.586022138595581,
 "MIA": 94.92969231214374,
 "MRS": 85.6749688507989,
 "NQN": 5.5921196937561035,
 "ORD": 94.96498410589993,
 "PAO": 95.10219329968095,
 "PAP": 0.004494190216064453,
 "PDX": 94.91795767098665,
 "PRG": 95.31288507860154,
 "QPG": 80.38801706861705,
 "ROB": 0.0020325183868408203,
 "ROS": 5.5862367153167725,
 "SDB": 10.408294200897217,
 "SEA": 80.14152031391859,
 "SFO": 9.837079048156738,
 "SGE": 0.00016689300537109375,
 "SLU": 1.7881393432617188e-05,
 "SNA": 80.55168192368001,
 "SOF": 10.784220695495605,
 "SYD": 35.54203389212489,
 "TGU": 0.0038564205169677734,
 "TUN": 0.3719747066497803,
 "VIE": 95.12571233790368,
 "WAW": 95.31572619453073,
 "YYZ": 83.45411142800003
}